{
    "model_distribution": {
        "A": 30.0,
        "B": 33.33333333333333,
        "C": 36.666666666666664
    },
    "ground_truth_distribution": {
        "A": 36.666666666666664,
        "B": 33.33333333333333,
        "C": 30.0
    }
}