{
    "model_distribution": {
        "A": 18.958333333333332,
        "B": 34.583333333333336,
        "C": 28.749999999999996,
        "D": 17.708333333333336
    },
    "ground_truth_distribution": {
        "A": 16.666666666666664,
        "B": 27.083333333333332,
        "C": 27.083333333333332,
        "D": 29.166666666666668
    }
}