{
    "model_distribution": {
        "A": 26.666666666666668,
        "B": 39.666666666666664,
        "C": 33.666666666666664
    },
    "ground_truth_distribution": {
        "A": 36.666666666666664,
        "B": 33.33333333333333,
        "C": 30.0
    }
}