{
    "model_distribution": {
        "A": 32.5,
        "B": 32.29166666666667,
        "C": 22.916666666666664,
        "D": 12.291666666666666
    },
    "ground_truth_distribution": {
        "A": 16.666666666666664,
        "B": 27.083333333333332,
        "C": 27.083333333333332,
        "D": 29.166666666666668
    }
}