{
    "model_distribution": {
        "A": 30.0,
        "B": 20.0,
        "C": 50.0
    },
    "ground_truth_distribution": {
        "A": 36.666666666666664,
        "B": 33.33333333333333,
        "C": 30.0
    }
}