{
    "model_distribution": {
        "A": 18.4375,
        "B": 45.729166666666664,
        "C": 24.0625,
        "D": 11.770833333333334
    },
    "ground_truth_distribution": {
        "A": 16.666666666666664,
        "B": 27.083333333333332,
        "C": 27.083333333333332,
        "D": 29.166666666666668
    }
}