{
    "model_distribution": {
        "A": 16.041666666666668,
        "B": 26.666666666666668,
        "C": 42.5,
        "D": 14.791666666666666
    },
    "ground_truth_distribution": {
        "A": 16.666666666666664,
        "B": 27.083333333333332,
        "C": 27.083333333333332,
        "D": 29.166666666666668
    }
}