{
    "model_distribution": {
        "A": 15.015641293013557,
        "B": 21.480709071949946,
        "C": 22.21063607924922,
        "D": 41.293013555787276
    },
    "ground_truth_distribution": {
        "A": 16.666666666666664,
        "B": 27.083333333333332,
        "C": 27.083333333333332,
        "D": 29.166666666666668
    }
}