{
    "model_distribution": {
        "A": 25.38540596094553,
        "B": 28.674203494347378,
        "C": 45.94039054470709
    },
    "ground_truth_distribution": {
        "A": 31.0,
        "B": 34.0,
        "C": 35.0
    }
}