{
    "model_distribution": {
        "A": 21.163490471414242,
        "B": 32.79839518555667,
        "C": 46.038114343029086
    },
    "ground_truth_distribution": {
        "A": 26.0,
        "B": 32.0,
        "C": 42.0
    }
}