{
    "model_distribution": {
        "A": 17.180616740088105,
        "B": 18.612334801762113,
        "C": 27.75330396475771,
        "D": 36.45374449339207
    },
    "ground_truth_distribution": {
        "A": 19.387755102040817,
        "B": 26.53061224489796,
        "C": 25.510204081632654,
        "D": 28.57142857142857
    }
}