{
    "model_distribution": {
        "A": 8.342245989304812,
        "B": 55.080213903743314,
        "C": 16.0427807486631,
        "D": 20.53475935828877
    },
    "ground_truth_distribution": {
        "A": 19.387755102040817,
        "B": 26.53061224489796,
        "C": 25.510204081632654,
        "D": 28.57142857142857
    }
}