{
    "model_distribution": {
        "A": 8.817635270541082,
        "B": 15.631262525050099,
        "C": 75.55110220440882
    },
    "ground_truth_distribution": {
        "A": 26.0,
        "B": 32.0,
        "C": 42.0
    }
}