{
    "model_distribution": {
        "A": 43.57429718875502,
        "B": 28.514056224899598,
        "C": 27.91164658634538
    },
    "ground_truth_distribution": {
        "A": 26.0,
        "B": 32.0,
        "C": 42.0
    }
}