{
    "model_distribution": {
        "A": 55.260469867211434,
        "B": 23.289070480081715,
        "C": 21.450459652706844
    },
    "ground_truth_distribution": {
        "A": 31.0,
        "B": 34.0,
        "C": 35.0
    }
}