{
    "model_distribution": {
        "A": 8.586387434554974,
        "B": 9.424083769633508,
        "C": 9.319371727748692,
        "D": 72.67015706806282
    },
    "ground_truth_distribution": {
        "A": 19.387755102040817,
        "B": 26.53061224489796,
        "C": 25.510204081632654,
        "D": 28.57142857142857
    }
}