{
    "model_distribution": {
        "A": 12.678936605316974,
        "B": 71.57464212678937,
        "C": 15.746421267893659
    },
    "ground_truth_distribution": {
        "A": 31.0,
        "B": 34.0,
        "C": 35.0
    }
}