{
    "model_distribution": {
        "A": 7.593582887700536,
        "B": 8.235294117647058,
        "C": 72.72727272727273,
        "D": 11.443850267379679
    },
    "ground_truth_distribution": {
        "A": 19.387755102040817,
        "B": 26.53061224489796,
        "C": 25.510204081632654,
        "D": 28.57142857142857
    }
}