{
    "model_distribution": {
        "A": 8.90890890890891,
        "B": 74.27427427427428,
        "C": 16.816816816816818
    },
    "ground_truth_distribution": {
        "A": 26.0,
        "B": 32.0,
        "C": 42.0
    }
}