{
    "model_distribution": {
        "A": 14.723926380368098,
        "B": 16.359918200409,
        "C": 68.9161554192229
    },
    "ground_truth_distribution": {
        "A": 31.0,
        "B": 34.0,
        "C": 35.0
    }
}