{
    "model_distribution": {
        "A": 47.23726977248104,
        "B": 17.009750812567713,
        "C": 16.251354279523294,
        "D": 19.501625135427954
    },
    "ground_truth_distribution": {
        "A": 19.387755102040817,
        "B": 26.53061224489796,
        "C": 25.510204081632654,
        "D": 28.57142857142857
    }
}