{
    "model_distribution": {
        "A": 28.999999999999996,
        "B": 28.000000000000004,
        "C": 43.0
    },
    "ground_truth_distribution": {
        "A": 31.0,
        "B": 34.0,
        "C": 35.0
    }
}