{
    "model_distribution": {
        "A": 7.000000000000001,
        "B": 18.0,
        "C": 17.0,
        "D": 49.0
    },
    "ground_truth_distribution": {
        "A": 19.0,
        "B": 26.0,
        "C": 27.0,
        "D": 28.000000000000004
    }
}