{
    "model_distribution": {
        "A": 14.000000000000002,
        "B": 30.0,
        "C": 24.0,
        "D": 22.0
    },
    "ground_truth_distribution": {
        "A": 19.0,
        "B": 26.0,
        "C": 27.0,
        "D": 28.000000000000004
    }
}