{
    "model_distribution": {
        "A": 27.200000000000003,
        "B": 27.0,
        "C": 24.5,
        "D": 21.3
    },
    "ground_truth_distribution": {
        "A": 19.0,
        "B": 26.0,
        "C": 27.0,
        "D": 28.000000000000004
    }
}