{
    "model_distribution": {
        "A": 26.400000000000002,
        "B": 28.799999999999997,
        "C": 22.400000000000002,
        "D": 22.400000000000002
    },
    "ground_truth_distribution": {
        "A": 19.0,
        "B": 26.0,
        "C": 27.0,
        "D": 28.000000000000004
    }
}