{
    "model_distribution": {
        "A": 29.099999999999998,
        "B": 27.1,
        "C": 22.8,
        "D": 21.0
    },
    "ground_truth_distribution": {
        "A": 19.0,
        "B": 26.0,
        "C": 27.0,
        "D": 28.000000000000004
    }
}