{
    "model_distribution": {
        "A": 27.0,
        "B": 28.799999999999997,
        "C": 22.6,
        "D": 21.6
    },
    "ground_truth_distribution": {
        "A": 19.0,
        "B": 26.0,
        "C": 27.0,
        "D": 28.000000000000004
    }
}