{
    "A": 14.000000000000002,
    "B": 24.0,
    "C": 25.0,
    "D": 28.000000000000004
}