{
    "A": 28.999999999999996,
    "B": 28.000000000000004,
    "C": 43.0,
    "D": 0.0
}